MeterID,Month,Usage
E101,1,365.37787118778044
E101,2,330.83330557257545
E101,3,377.0920799032511
E201,1,367.6558070744401
E201,2,337.59904412626406
E201,3,373.07641380263954
E301,1,371.61250490905303
E301,2,336.4330707731574
E301,3,369.75022982387367
E401,1,375.13263266700454
E401,2,330.87052017682856
E401,3,374.12009972723575
